Product,Ingredients
"booster, c25","ethoxydiglycol, ethyl ascorbic acid, hydroxyphenoxy propionic acid, phenylethyl resorcinol.

Our formulations are updated from time to time as part of our commitment to innovation. As such, the ingredient list shown here may vary from the box of the product depending on time and region of purchase."
ethylated l-ascorbic acid 30% network,"Ethoxydiglycol, Ethyl Ascorbic Acid, Superoxide Dismutase, Saccharomyces/Zinc Ferment.

Our formulations are updated from time to time as part of our commitment to innovation. As such, the ingredient list shown here may vary from the box of the product depending on time and region of purchase."
superoxide dismutase saccharide mist,"Aqua (Water), Superoxide Dismutase, Malachite Extract, Pseudoalteromonas Exopolysaccharides, Mirabilis Jalapa Extract, Polypodium Vulgare Rhizome Extract, Cetraria Islandica Thallus Extract, Sphagnum Magellanicum Extract, Arginine, Propanediol, Glycerin, Pentylene Glycol, Butylene Glycol, Sodium Salicylate, Gellan Gum, Sodium Chloride, PPG-26-Buteth-26, PEG-40 Hydrogenated Castor Oil, Citric Acid, Tromethamine, Phenoxyethanol, Chlorphenesin.

Our formulations are updated from time to time as part of our commitment to innovation. As such, the ingredient list shown here may vary from the box of the product depending on time and region of purchase."
survival 0,"Aqua (Water), Glycerin, Squalane, Inulin, Algae Extract, Alpha-glucan oligosaccharide, Solanum Lycopersicum (Tomato) Fruit Extract, Superoxide Dismutase, Dimethylmethoxy Chromanol, Xanthophyll, Pinus Pinaster Bark Extract, Polygonum Aviculare Extract, Hydrolyzed Sodium Hyaluronate, Alteromonas Ferment Extract, Padina Pavonica Thallus Extract, Arginine, Glycine, Alanine, Serine, Valine, Proline, Threonine, Isoleucine, Histidine, Phenylalanine, Aspartic Acid, PCA, Sodium PCA, Sodium Lactate, Simmondsia Chinensis (Jojoba) Seed Oil, Melanin, Sucrose, Tapioca Starch, Propanediol, Pentylene Glycol, Butylene Glycol, Acrylates/C10-30 Alkyl Acrylate Crosspolymer, Carbomer, Trisodium Ethylenediamine Disuccinate, Isoceteth-20, Tromethamine, Triethanolamine, Polyurethane-34, Ethoxydiglycol, Potassium Sorbate, Sodium Benzoate, 1,2-Hexanediol, Ethylhexylglycerin, Phenoxyethanol, Caprylyl Glycol.

Our formulations are updated from time to time as part of our commitment to innovation. As such, the ingredient list shown here may vary from the box of the product depending on time and region of purchase."
ascorbyl glucoside solution 12%,"Aqua (Water), Ascorbyl Glucoside, Propanediol, Aminomethyl Propanol, Triethanolamine, Isoceteth-20, Xanthan gum, Dimethyl Isosorbide, Ethoxydiglycol, Trisodium Ethylenediamine Disuccinate, 1,2-Hexanediol, Caprylyl Glycol.

Our formulations are updated from time to time as part of our commitment to innovation. As such, the ingredient list shown here may vary from the box of the product depending on time and region of purchase."
ascorbyl tetraisopalmitate solution 20% in vitamin f,"Coconut Alkanes, Tetrahexyldecyl Ascorbate, Ethyl Linoleate, Coco-Caprylate/Caprate, Simmondsia Chinensis (Jojoba) Seed Oil, Solanum Lycopersicum (Tomato) Fruit Extract, Squalane.

Our formulations are updated from time to time as part of our commitment to innovation. As such, the ingredient list shown here may vary from the box of the product depending on time and region of purchase."
vitamin c suspension 23% + ha spheres 2%,"Ascorbic Acid, Squalane, Isodecyl Neopentanoate, Isononyl Isononanoate, Coconut Alkanes, Ethylene/Propylene/Styrene Copolymer, Ethylhexyl Palmitate, Silica Dimethyl Silylate, Sodium Hyaluronate, Glucomannan, Coco-Caprylate/Caprate, Butylene/Ethylene/Styrene Copolymer, Acrylates/Ethylhexyl Acrylate Crosspolymer, Trihydroxystearin, BHT.

Our formulations are updated from time to time as part of our commitment to innovation. As such, the ingredient list shown here may vary from the box of the product depending on time and region of purchase."
alpha lipoic acid 5%,"Propanediol, Thioctic Acid.

Our formulations are updated from time to time as part of our commitment to innovation. As such, the ingredient list shown here may vary from the box of the product depending on time and region of purchase."
vitamin c suspension 30% in silicone,"Dimethicone, Ascorbic Acid, Polysilicone-11, PEG-10 Dimethicone.

Our formulations are updated from time to time as part of our commitment to innovation. As such, the ingredient list shown here may vary from the box of the product depending on time and region of purchase."
resveratrol 3% + ferulic acid 3%,"Propanediol, Resveratrol, Ferulic Acid.

Our formulations are updated from time to time as part of our commitment to innovation. As such, the ingredient list shown here may vary from the box of the product depending on time and region of purchase."
euk 134 0.1%,"Propanediol, Ethylbisiminomethylguaiacol manganese chloride.

Our formulations are updated from time to time as part of our commitment to innovation. As such, the ingredient list shown here may vary from the box of the product depending on time and region of purchase."
subq eyes,"aqua (water), glycerin, methyl methacrylate/peg/ppg-4/3 methacrylate crosspolymer, albizia julibrissin bark extract, propanediol, myristoyl nonapeptide-3, palmitoyl tripeptide-38, dipeptide diaminobutyroyl benzylamide diacetate, epigallocatechin gallatyl glucoside, gallyl glucoside, darutoside, aminobutyric acid, fucus vesiculosus extract, ascophyllum nodosum extract, asparagopsis armata extract, hydroxypropyl cyclodextrin, mangifera indica seed butter, lecithin, orbignya oleifera seed oil, squalane, sorbitol, tocopheryl acetate, propyl gallate, polyacrylate crosspolymer-6, pentylene glycol, cetearyl isononanoate, ceteareth-20, cetearyl alcohol, glyceryl stearate, xanthan gum, ceteareth-12, cetyl palmitate, gluconolactone, potassium sorbate, sodium benzoate, benzoic acid, benzyl alcohol, hexylene glycol, caprylyl glycol, dehydroacetic acid, phenoxyethanol, chlorphenesin.

Our formulations are updated from time to time as part of our commitment to innovation. As such, the ingredient list shown here may vary from the box of the product depending on time and region of purchase."
fractionated eye-contour concentrate,"Aqua (Water), Glycerin, Butylene Glycol, Hydrolyzed Yeast Extract, Albizia Julibrissin Bark Extract, Niacinamide, Dipeptide Diaminobutyroyl Benzylamide Diacetate, Palmitoyl Tripeptide-38, Acetyl Hexapeptide-8, Acetyl Tetrapeptide-5, Decapeptide-22, Oligopeptide-78, Palmitoyl Decapeptide-21, Palmitoyl Hexapeptide-52, Zinc Palmitoyl Nonapeptide-14, Palmitoyl Tetrapeptide-50, Pentapeptide-18, Acetyl Hexapeptide-30, Heptapeptide-15 Palmitate, Palmitoyl Heptapeptide-18, S-Mu-Conotoxin CnIIIc Acetate, Sodium Hyaluronate, Darutoside, Epigallocatechin Gallatyl Glucoside, Gallyl Glucoside, Ascorbyl Glucoside, Zinc PCA, Methylglucoside Phosphate, Disodium Acetyl Glucosamine Phosphate, Copper Lysinate/Prolinate, Hydroxypropyl Cyclodextrin, Superoxide Dismutase, Escin, Ascorbic Acid, Ammonium Glycyrrhizate, Polyglucuronic Acid, Ascophyllum Nodosum Extract, Asparagopsis Armata Extract, Fraxinus Excelsior Bark Extract, Olea Europaea Leaf Extract, Ruscus Aculeatus Root Extract, Centella Asiatica Extract, Calendula Officinalis Flower Extract, Arginine, Panthenol, Hydrolyzed Rice Protein, Glycine Soja (Soybean) Protein, Hydrolyzed Wheat Protein, Hydrolyzed Yeast Protein, Lecithin, Polyacrylate Crosspolymer-6, Xanthan Gum, Cetyl Hydroxyethylcellulose, Silanetriol, Sodium Dextran Sulfate, Sorbitol, Pentylene Glycol, Dimethyl Isosorbide, Citric Acid, Glycolic Acid, Lactic Acid, Lactic Acid/Glycolic Acid Copolymer, PPG-26-Buteth-26, Polyvinyl Alcohol, PEG-40 Hydrogenated Castor Oil, Propyl Gallate, Potassium Sorbate, Caprylyl Glycol, Glyceryl Caprylate, Ethylhexylglycerin, Sodium Benzoate, Benzyl Alcohol, Phenylpropanol, Dehydroacetic Acid, Phenoxyethanol, Chlorphenesin.

Our formulations are updated from time to time as part of our commitment to innovation. As such, the ingredient list shown here may vary from the box of the product depending on time and region of purchase."
set n.1,none
caffeine solution 5% + egcg,"Aqua (Water), Caffeine, Maltodextrin, Glycerin, Propanediol, Epigallocatechin Gallatyl Glucoside, Gallyl Glucoside, Hyaluronic Acid, Oxidized Glutathione, Melanin, Glycine Soja (Soybean) Seed Extract, Urea, Pentylene Glycol, Hydroxyethylcellulose, Polyacrylate Crosspolymer-6, Xanthan gum, Lactic Acid, Dehydroacetic Acid, Trisodium Ethylenediamine Disuccinate, Propyl Gallate, Dimethyl Isosorbide, Benzyl Alcohol, 1,2-Hexanediol, Ethylhexylglycerin, Phenoxyethanol, Caprylyl Glycol.

Our formulations are updated from time to time as part of our commitment to innovation. As such, the ingredient list shown here may vary from the box of the product depending on time and region of purchase."
matte 12,"aqua (water), isodecyl neopentanoate, dimethicone, dimethicone/vinyl dimethicone crosspolymer, hexamethyldisiloxane, dimethicone/bis-isobutyl ppg-20 crosspolymer, hydroxyethyl acrylate/sodium acryloyldimethyl taurate copolymer, propanediol, isohexadecane, acrylates/ethylhexyl acrylate crosspolymer, polysilicone-11, tocopherol, polysorbate 60, isoceteth-20, laureth-9, c12-14 pareth-12, cyclopentasiloxane, trisodium ethylenediamine disuccinate, citric acid, sodium benzoate, phenoxyethanol, chlorphenesin.

Our formulations are updated from time to time as part of our commitment to innovation. As such, the ingredient list shown here may vary from the box of the product depending on time and region of purchase."
photography foundation dark,"aqua (water), titanium dioxide, caramel, hexamethyldisiloxane, trimethylsiloxysilicate, mica, propanediol, cetearyl isononanoate, glycerin, cyclopentasiloxane, red iron oxide (ci 77491), ceteareth-20, pentylene glycol, cetearyl alcohol, polypodium vulgare rhizome extract, cetraria islandica thallus extract, sphagnum magellanicum extract, sodium hyaluronate, sodium pca, methyl methacrylate/peg/ppg-4/3 methacrylate crosspolymer, adipic acid/neopentyl glycol crosspolymer, trehalose, allantoin, glucose, maltose, fructose, urea, sodium lactate, citric acid, sodium chloride, sodium hydroxide, vp/va copolymer, amodimethicone, dimethicone/vinyl dimethicone crosspolymer, dimethicone, glyceryl stearate, ceteareth-12, cetyl palmitate, acacia senegal gum, xanthan gum, benzoic acid, hydroxyethyl acrylate/sodium acryloyldimethyl taurate copolymer, synthetic fluorophlogopite, tin oxide, citric acid, hydroxypropyl methylcellulose, phenoxyethanol, chlorophenesin.

Our formulations are updated from time to time as part of our commitment to innovation. As such, the ingredient list shown here may vary from the box of the product depending on time and region of purchase."
photography foundation golden,"aqua (water), trimethylsiloxysilicate, titanium dioxide, hexamethyldisiloxane, cetearyl isononanoate, mica, propanediol, glycerin, ceteareth-20, cetearyl alcohol, caramel, cyclopentasiloxane, hydroxyethyl acrylate/sodium acryloyldimethyl taurate copolymer, pentylene glycol, sodium hyaluronate, polypodium vulgare rhizome extract, cetraria islandica thallus extract, sphagnum magellanicum extract, fructose, allantoin, glucose, maltose, trehalose, urea, citric acid, sodium lactate, sodium pca, methyl methacrylate/peg/ppg-4/3 methacrylate crosspolymer, adipic acid/neopentyl glycol crosspolymer, dimethicone, dimethicone/vinyl dimethicone crosspolymer, vp/va copolymer, hydroxypropyl methylcellulose, ceteareth-12, glyceryl stearate, sorbitan isostearate, cetyl palmitate, acacia senegal gum, xanthan gumÂ¸ isohexadecane, polysorbate 60, amodimethiconeÂ¸ sodium chloride, sodium hydroxide, tin oxide, red iron oxide (ci 77491), synthetic fluorphlogopite, benzoic acid, phenoxyethanol, chlorphenesin, caprylyl glycol.

Our formulations are updated from time to time as part of our commitment to innovation. As such, the ingredient list shown here may vary from the box of the product depending on time and region of purchase."
photography foundation transparent,"aqua (water), titanium dioxide, hexamethyldisiloxane, trimethylsiloxysilicate, mica, propanediol, cyclopentasiloxane, glycerin, pentylene glycol, sodium hyaluronate, polypodium vulgare rhizome extract, cetraria islandica thallus extract, sphagnum magellanicum extract, fructose, allantoin, glucose, maltose, trehalose, urea, citric acid, sodium lactate, sodium pca, methyl methacrylate/peg/ppg-4/3 methacrylate crosspolymer, adipic acid/neopentyl glycol crosspolymer, polyacrylate crosspolymer-6, hydroxyethyl acrylate/sodium acryloyldimethyl taurate copolymer, isohexadecane, dimethicone, dimethicone/vinyl dimethicone crosspolymer, vp/va copolymer, polysorbate 60, hydroxypropyl methylcellulose, amodimethicone, sodium chloride, sodium hydroxide, tin oxide, phenoxyethanol, chlorphenesin, caprylyl glycol.

Our formulations are updated from time to time as part of our commitment to innovation. As such, the ingredient list shown here may vary from the box of the product depending on time and region of purchase."
pore delete,"adipic acid/ neopentyl glycol crosspolymer, aqua (water), dimethicone, cyclohexasiloxane, ethoxydiglycol, vp/va copolymer, vinyl dimethicone/ methicone silsesquioxane crosspolymer, tasmannia lanceolate fruit/ leaf extract, glycerin, peg-10 dimethicone, acrylamide/ sodium acryloyldimethyltaurate copolymer, isohexadecane, polysorbate 80, amodimethicone, hydroxypropyl methylcellulose, caprylyl glycol, phenoxyethanol, chlorphenesin.

Our formulations are updated from time to time as part of our commitment to innovation. As such, the ingredient list shown here may vary from the box of the product depending on time and region of purchase."
white blur,"Aqua (Water), Adipic Acid/Neopentyl Glycol Crosspolymer, C13-15 Alkane, Dimethicone, Glycerin, Titanium Dioxide (CI 77891), VP/VA Copolymer, Moringa Oleifera Seed Extract, Amodimethicone, Hydroxypropyl Methylcellulose, Bisabolane, Polyacrylate Crosspolymer-6, Bismuth Oxychloride (CI 77163), Mica (CI 77019), Citric Acid, Caprylyl Glycol, 1,2-Hexanediol, Tropolone, Phenoxyethanol, Chlorophenesin, Disodium Phosphate.

Our formulations are updated from time to time as part of our commitment to innovation. As such, the ingredient list shown here may vary from the box of the product depending on time and region of purchase."
white flash,"Cyclopentasiloxane, Titanium Dioxide, Aluminum Hydroxide, Dimethicone, Hydrogen Dimethicone, Guaiazulene.

Our formulations are updated from time to time as part of our commitment to innovation. As such, the ingredient list shown here may vary from the box of the product depending on time and region of purchase."
"photography fluid, opacity 12%","Aqua (Water), Trimethylsiloxysilicate, Titanium Dioxide (CI 77891), Hexamethyldisiloxane, Hylocereus Undatus Fruit Extract, Mica, Cetearyl Isononanoate, Propanediol, Simmondsia Chinensis (Jojoba) Seed Oil, Ceteareth-20, Cetearyl Alcohol, Glycerin, Cyclopentasiloxane, Glyceryl Stearate, Pentylene Glycol, Sodium Hyaluronate, Fructose, Glucose, Maltose, Trehalose, Sodium PCA, Urea, Sodium Lactate, Allantoin, Squalane, Polypodium Vulgare Rhizome Extract, Cetraria Islandica Thallus Extract, Sphagnum Magellanicum Extract, Solanum Lycopersicum (Tomato) Fruit Extract, Methyl Methacrylate/PEG/PPG-4/3 Methacrylate crosspolymer, Polyacrylate Crosspolymer-6, Hydroxypropyl Methylcellulose, Hydroxyethyl Acrylate/Sodium Acryloyldimethyl Taurate Copolymer, Ceteareth-12, Cetyl Palmitate, Dimethicone, Dimethicone/Vinyl Dimethicone Crosspolymer, Amodimethicone, VP/VA Copolymer, Adipic Acid/Neopentyl Glycol Crosspolymer, Tin Oxide, Citric Acid, Sodium Hydroxide, Sodium Chloride, Sodium Metabisulfite, Benzoic Acid, Caprylyl Glycol, Phenoxyethanol, Chlorphenesin.

Our formulations are updated from time to time as part of our commitment to innovation. As such, the ingredient list shown here may vary from the box of the product depending on time and region of purchase."
"photography fluid, opacity 8%","Aqua (Water), Caprylyl Methicone, Titanium Dioxide, Isodecyl Neopentanoate, Mica, Trimethylsiloxysilicate, Cetearyl Alcohol, Propanediol, Caramel, Ceteth-20 Phosphate, Red Iron Oxide (CI 77491), Sodium Hyaluronate, Pseudoalteromonas Exopolysaccharides, Allantoin, Glucose, Fructose, Maltose, Trehalose, Sodium Lactate, Sodium PCA, Urea, Polypodium Vulgare Rhizome Extract, Cetraria Islandica Thallus Extract, Sphagnum Magellanicum Extract, Pentylene Glycol, Glycerin, Carrageenan, Acacia Senegal Gum, Methyl Methacrylate/PEG/PPG-4/3 Methacrylate crosspolymer, Dicetyl Phosphate, Synthetic fluorphlogopite, Tin Oxide, Sodium Chloride, Sodium Hydroxide, Sodium Salicylate, Triethanolamine, Citric Acid, Phenoxyethanol, Chlorphenesin.

Our formulations are updated from time to time as part of our commitment to innovation. As such, the ingredient list shown here may vary from the box of the product depending on time and region of purchase."
"booster, low-molecular ha","Aqua (Water), Hydrolyzed Yeast Extract, Pentylene Glycol, Tamarindus Indica Seed Gum, Sodium Hyaluronate Crosspolymer, Hydrolyzed Sodium Hyaluronate, Sodium Hyaluronate, Tremella Fuciformis Sporocarp Extract, Ahnfeltia Concinna Extract, Lecithin, Glycerin, Betaine, Polyacrylate Crosspolymer-6, Cetyl Hydroxyethylcellulose, Polyglucuronic Acid, Trisodium Ethylenediamine Disuccinate, PPG-26-Buteth-26, PEG-40 Hydrogenated Castor Oil, Potassium Sorbate, Sodium Benzoate, Caprylyl Glycol, Hexylene Glycol, Ethylhexylglycerin, Phenoxyethanol, Chlorphenesin.

Our formulations are updated from time to time as part of our commitment to innovation. As such, the ingredient list shown here may vary from the box of the product depending on time and region of purchase."
ha blur,"caprylyl methicone, aqua (water), peg-12 dimethicone/ppg-20 crosspolymer, hexamethyldisiloxane, polysilicone-11, cyclopentasiloxane, isodecyl neopentanoate, vinyl dimethicone/methicone silsesquioxane crosspolymer, cyclomethicone, peg-10 dimethicone, sodium hyaluronate, pseudoalteromonas exopolysaccharides, sodium salicylate, adipic acid/neopentyl glycol crosspolymer, methyl methacrylate/peg/ppg-4/3 methacrylate crosspolymer, tocopherol, acrylamide/sodium acryloyldimethyl taurate copolymer, silica dimethyl silylate, laureth-12, polyacrylate crosspolymer-6, isohexadecane, polysorbate-80, dimethicone, cyclohexasiloxane, cetearyl dimethicone crosspolymer, vp/va copolymer, cyclotetrasiloxane, amodimethicone, hydroxypropyl methylcellulose, citric acid, butylene glycol, hexylene glycol, caprylyl glycolÂ¸ ethylhexylglycerin, phenoxyethanol, chlorphenesin.

Our formulations are updated from time to time as part of our commitment to innovation. As such, the ingredient list shown here may vary from the box of the product depending on time and region of purchase."
hydra-density mist,"aqua (water), rosa damascena flower water, epigallocatechin gallatyl glucoside, tasmannia lanceolate fruit/ leaf extract, curculigo orchioides root extract, pseudoalteromonas exopolysaccharides, gallyl glucoside, arginine, propanediol, glycerin, sodium salicylate, citric acid, propyl gallate, trisodium ethylenediamine disuccinate, gellan gum, peg-40 hydrogenated castor oil, ppg-26-buteth-26, sodium chloride, potassium sorbate, sodium benzoate, benzyl alcohol, dehydroacetic acid, phenoxyethanol, chlorphenesin.

Our formulations are updated from time to time as part of our commitment to innovation. As such, the ingredient list shown here may vary from the box of the product depending on time and region of purchase."
hydration vaccine,"Caprylyl Methicone, Aqua (Water), PEG-12 Dimethicone/PPG-20 Crosspolymer, Glycerin, Propanediol, Sodium Polyacrylate, Leontopodium Alpinum Callus Culture Extract, Disodium Acetyl Glucosamine Phosphate, Proline, Alanine, Serine, Xylitol, Xylitylglucoside, Anhydroxylitol, Adansonia Digitata Fruit Extract, Polypodium Vulgare Rhizome Extract, Cetraria Islandica Thallus Extract, Sphagnum Magellanicum Extract, Pseudoalteromonas Ferment Extract, Tocopherol, Tocopheryl Acetate, Mangifera Indica Seed Butter, Orbignya Oleifera Seed Oil, Squalane, Lecithin, Hexamethyldisiloxane, Trimethylsiloxysilicate, Cyclopentasiloxane, Dimethicone, Polysilicone-11, Dimethicone/Vinyl Dimethicone Crosspolymer, Hydroxyethyl Acrylate/Sodium Acryloyldimethyl Taurate Copolymer, Xanthan Gum, Citric Acid, Sodium Phosphate, Sodium Hydroxide, Sodium Benzoate, Potassium Sorbate, Caprylyl Glycol, Ethylhexylglycerin, Phenoxyethanol, Chlorphenesin.

Our formulations are updated from time to time as part of our commitment to innovation. As such, the ingredient list shown here may vary from the box of the product depending on time and region of purchase."
lip bio-lipid concentrate,"Caprylic/Capric Triglyceride, C13-16 Isoparaffin, C12-15 Alkyl Benzoate, Pentaerythrityl tetraisostearate, Hydrogenated Polyisobutene, Cetearyl Ethylhexanoate, Oleic/Linoleic/Linolenic Polyglycerides, Pentaclethra macroloba seed oil, Silica Dimethyl Silylate, Methyl Nicotinate, Ethylhexyl Palmitate, Dimethyl Isosorbide, Pongamia pinnata, Palmitoyl Hexapeptide-12, Palmitoyl tripeptide-1, Palmitoyl Tripeptide-38, Sodium Hyaluronate, Glucomannan, Commiphora mukul resin extract, Sesamum Indicum (Sesame) Seed Extract, Portulaca Pilosa Extract, Anemarrhena Asphodeloides Root Extract, Hippophae Rhamnoides Oil, Hydroxymethoxyphenyl Propylmethylmethoxybenzofuran, Plukenetia Volubilis Seed Oil, Trihydroxystearin, Sorbitan Isostearate, Propylene Carbonate, Butylene/Ethylene/Styrene Copolymer, Ethylene/Propylene/Styrene Copolymer, Stearalkonium Hectorite, Sucrose Cocoate, Tocopherol, BHT, Aqua (Water).

Our formulations are updated from time to time as part of our commitment to innovation. As such, the ingredient list shown here may vary from the box of the product depending on time and region of purchase."
multi-molecular hyaluronic complex,"Aqua (Water), Hydrolyzed Yeast Extract, Glycerin, Hyaluronic Acid, Sodium Hyaluronate, Sodium Butyroyl Hyaluronate, Sodium Hyaluronate Crosspolymer, Hydrolyzed Sodium Hyaluronate, Disodium Acetyl Glucosamine Phosphate, Tetradecyl Aminobutyroylvalylaminobutyric Urea Trifluoroacetate, Pseudoalteromonas Exopolysaccharides, Tamarindus Indica Seed Gum, Tremella Fuciformis Sporocarp Extract, Ceratonia Siliqua Gum, Myristoyl Nonapeptide-3, Plantago Lanceolata Leaf Extract, Salvia Sclarea Extract, Arginine, Aspartic Acid, Glycine, Alanine, Serine, Valine, Isoleucine, Proline, Threonine, Histidine, Phenylalanine, PCA, Sodium PCA, Betaine, Sodium Lactate, Epigallocatechin Gallatyl Glucoside, Gallyl Glucoside, Algae Extract, Sodium Salicylate, Lecithin, Polyglucuronic Acid, Xanthan Gum, Trisodium Ethylenediamine Disuccinate, Sclerotium Gum, Pullulan, Cetyl Hydroxyethylcellulose, Propanediol, Pentylene Glycol, Dimethyl Isosorbide, Citric Acid, Magnesium Chloride, Silica, Polysorbate 20, Ethoxydiglycol, Propyl Gallate, Dehydroacetic Acid, Benzyl Alcohol, Potassium Sorbate, Sodium Benzoate, Ethylhexylglycerin, 1,2-Hexanediol, Caprylyl Glycol, Phenoxyethanol.

Our formulations are updated from time to time as part of our commitment to innovation. As such, the ingredient list shown here may vary from the box of the product depending on time and region of purchase."
set n.1,none
hyaluronic acid 2% + b5,"Aqua (Water), Sodium Hyaluronate, Pentylene Glycol, Propanediol, Sodium Hyaluronate Crosspolymer, Panthenol, Ahnfeltia Concinna Extract, Glycerin, Trisodium Ethylenediamine Disuccinate, Citric Acid, Isoceteth-20, Ethoxydiglycol, Ethylhexylglycerin, Hexylene Glycol, 1,2-Hexanediol, Phenoxyethanol, Caprylyl Glycol.

Our formulations are updated from time to time as part of our commitment to innovation. As such, the ingredient list shown here may vary from the box of the product depending on time and region of purchase."
natural moisturizing factors + ha,"Aqua (Water), Caprylic/Capric Triglyceride, Cetyl Alcohol, Propanediol, Stearyl Alcohol, Glycerin, Sodium Hyaluronate, Arginine, Aspartic Acid, Glycine, Alanine, Serine, Valine, Isoleucine, Proline, Threonine, Histidine, Phenylalanine, Glucose, Maltose, Fructose, Trehalose, Sodium PCA, PCA, Sodium Lactate, Urea, Allantoin, Linoleic Acid, Oleic Acid, Phytosteryl Canola Glycerides, Palmitic Acid, Stearic Acid, Lecithin, Triolein, Tocopherol, Carbomer, Isoceteth-20, Polysorbate 60, Sodium Chloride, Citric Acid, Trisodium Ethylenediamine Disuccinate, Pentylene Glycol, Triethanolamine, Sodium Hydroxide, Phenoxyethanol, Chlorphenesin.

Our formulations are updated from time to time as part of our commitment to innovation. As such, the ingredient list shown here may vary from the box of the product depending on time and region of purchase."
100% plant-derived squalane,"Squalane.

Our formulations are updated from time to time as part of our commitment to innovation. As such, the ingredient list shown here may vary from the box of the product depending on time and region of purchase."
the no-brainer set,none
marine hyaluronics,"Aqua (Water), Glycerin, Algae Extract, Pseudoalteromonas Exopolysaccharides, Pseudoalteromonas Ferment Extract, Ahnfeltia Concinna Extract, Arginine, Glycine, Alanine, Serine, Valine, Isoleucine, Proline, Threonine, Histidine, Phenylalanine, Aspartic Acid, PCA, Sodium PCA, Sodium Lactate, Salicylic Acid, Citric Acid, Propanediol, Dimethyl Isosorbide, Ethoxydiglycol, Polysorbate 20, Potassium Sorbate, Sodium Salicylate, Sodium Benzoate, Hexylene Glycol, 1,2-Hexanediol, Phenoxyethanol, Caprylyl Glycol.

Our formulations are updated from time to time as part of our commitment to innovation. As such, the ingredient list shown here may vary from the box of the product depending on time and region of purchase."
100% organic cold-pressed borage seed oil,"Borago Officinalis Seed Oil

Our formulations are updated from time to time as part of our commitment to innovation. As such, the ingredient list shown here may vary from the box of the product depending on time and region of purchase."
100% organic virgin sea-buckthorn fruit oil,"Hippophae Rhamnoides Fruit Oil

Our formulations are updated from time to time as part of our commitment to innovation. As such, the ingredient list shown here may vary from the box of the product depending on time and region of purchase."
flavanone mud,"Aqua (Water), Montmorillonite, Kaolin, Bisabolol, Silica Cetyl Silylate, Isodecyl neopentanoate, Panthenyl Triacetate, Glucosyl Hesperidin, Potassium Azeloyl Diglycinate, Argilla, Glycerin, Butylene Glycol, Resveratrol, Naringenin, Arginine, Alteromonas Ferment Extract, Perfluorodecalin, Simmondsia Chinensis Seed Oil, Glycosphingolipids, Propanediol, Xanthan Gum, Carrageenan, Acacia Senegal Gum, Mica, Quartz, Sucrose Palmitate, Trisodium Ethylenediamine Disuccinate, Ethoxydiglycol, Potassium Sorbate, Sodium Benzoate, Phenoxyethanol, Chlorphenesin.

Our formulations are updated from time to time as part of our commitment to innovation. As such, the ingredient list shown here may vary from the box of the product depending on time and region of purchase."
mastic must,"Aqua (Water), Glycerin, Stearic Acid, Pistacia Lentiscus (Mastic) Gum, Centaurea cyanus flower water, Sapindus Mukurossi Fruit Extract, Niacinamide, Alcohol, Honey, Coconut Acid, Magnesium aluminum silicate, Arginine, Bentonite, Butyl Avocadate, Ethyl Linoleate, Hydroxyethylcellulose, Lecithin, Phospholipids, Acacia Senegal Gum, Carrageenan, Citric Acid, Propyl Gallate, Ethoxydiglycol, Lactobacillus Ferment, Potassium Sorbate, Sodium Benzoate, Phenoxyethanol, Chlorphenesin.

Our formulations are updated from time to time as part of our commitment to innovation. As such, the ingredient list shown here may vary from the box of the product depending on time and region of purchase."
myrrh clay,"Peat, Solum Fullonum, Propanediol, Aqua (Water), Fragaria Vesca Leaf Extract, Glycerin, Hydroxypropyl Cyclodextrin, Commiphora Myrrh Extract, Evodia Rutaecarpa Fruit Extract, Carrageenan, Acacia Senegal Gum, Pentylene Glycol, 1,2-Hexanediol, Caprylyl Glycol, Phenoxyethanol, Chlorphenesin.

Our formulations are updated from time to time as part of our commitment to innovation. As such, the ingredient list shown here may vary from the box of the product depending on time and region of purchase."
voicemail masque,"Lactococcus Ferment Lysate, Dimethicone, Centaurea cyanus flower water, Glycerin, Dimethicone/Vinyl Dimethicone Crosspolymer, Hydroxyethyl Acrylate/Sodium Acryloyldimethyl Taurate Copolymer, Propanediol, Aqua (Water), Pentylene Glycol, Origanum Vulgare Leaf Extract, Leontopodium Alpinum Callus Culture Extract, Plantago Lanceolata Leaf Extract, Melanin, Sodium Hyaluronate, Arginine, Sodium Chloride, Isohexadecane, Polysorbate 60, Xanthan Gum, Citric Acid, Ethoxydiglycol, PPG-26-Buteth-26, PEG-40 Hydrogenated Castor Oil, Potassium Sorbate, Sodium Benzoate, Ethylhexylglycerin, Phenoxyethanol, Chlorphenesin.

Our formulations are updated from time to time as part of our commitment to innovation. As such, the ingredient list shown here may vary from the box of the product depending on time and region of purchase."
pre-shave oil,"Squalane, Caprylic/Capric Triglyceride, Bertholletia Excelsa Seed Oil, Plukenetia Volubilis Seed Oil, Hippophae Rhamnoides Oil, Euterpe Oleracea Fruit Oil, Tocopheryl Acetate, Tocopherol, Fragrance (Parfum), Citral, Citronellol, Limonene, Linalool.

Our formulations are updated from time to time as part of our commitment to innovation. As such, the ingredient list shown here may vary from the box of the product depending on time and region of purchase."
100% cold-pressed virgin marula oil,"Sclerocarya Birrea Seed Oil.

Our formulations are updated from time to time as part of our commitment to innovation. As such, the ingredient list shown here may vary from the box of the product depending on time and region of purchase."
100% organic cold-pressed moroccan argan oil,"Argania Spinosa Kernel Oil.

Our formulations are updated from time to time as part of our commitment to innovation. As such, the ingredient list shown here may vary from the box of the product depending on time and region of purchase."
100% organic cold-pressed rose hip seed oil,"Rosa Canina Seed Oil.

Our formulations are updated from time to time as part of our commitment to innovation. As such, the ingredient list shown here may vary from the box of the product depending on time and region of purchase."
100% organic cold-pressed borage seed oil,"Borago Officinalis Seed Oil

Our formulations are updated from time to time as part of our commitment to innovation. As such, the ingredient list shown here may vary from the box of the product depending on time and region of purchase."
100% organic virgin sea-buckthorn fruit oil,"Hippophae Rhamnoides Fruit Oil

Our formulations are updated from time to time as part of our commitment to innovation. As such, the ingredient list shown here may vary from the box of the product depending on time and region of purchase."
"booster, c25","ethoxydiglycol, ethyl ascorbic acid, hydroxyphenoxy propionic acid, phenylethyl resorcinol.

Our formulations are updated from time to time as part of our commitment to innovation. As such, the ingredient list shown here may vary from the box of the product depending on time and region of purchase."
"booster, glow","aqua (water), erythrulose, glycerin, propanediol, ppg-26-buteth-26, acetyl hexapeptide-1, dextran, superoxide dismutase, oxidized glutathione, polypodium vulgare rhizome extract, cetraria islandica thallus extract, sphagnum magellanicum extract, lactobacillus/eriodictyon californicum ferment extract, phospholipids, acacia senegal gum, xanthan gum, citric acid, phytic acid, trisodium ethylenediamine disuccinate, peg-40 hydrogenated castor oil, dimethyl isosorbide, ethoxydiglycol, leuconostoc/radish root ferment filtrate, caprylyl glycol, 1,2-hexanediol, ethyl 2,2-dimethylhydrocinnamal.

Our formulations are updated from time to time as part of our commitment to innovation. As such, the ingredient list shown here may vary from the box of the product depending on time and region of purchase."
activated serum,"Aqua (Water), Oxidised Glutathione, Acety gylcyl beta-alanine, Alpha-Arbutin, Dimethyl Isosorbide, Glycerin, Palmitoyl SH-Tripeptide-5 Norisoleucyl SH-Nonapeptide-1, Palmitoyl SH-Octapeptide-24 Amide, Glycolic Acid, Lactic Acid, Polyvinyl Alcohol, Diglucosyl Gallic Acid, Trisodium Ethylenediamine Disuccinate, Potassium Sorbate, Acacia Senegal Gum, Xanthan Gum

Our formulations are updated from time to time as part of our commitment to innovation. As such, the ingredient list shown here may vary from the box of the product depending on time and region of purchase."
white blur,"Aqua (Water), Adipic Acid/Neopentyl Glycol Crosspolymer, C13-15 Alkane, Dimethicone, Glycerin, Titanium Dioxide (CI 77891), VP/VA Copolymer, Moringa Oleifera Seed Extract, Amodimethicone, Hydroxypropyl Methylcellulose, Bisabolane, Polyacrylate Crosspolymer-6, Bismuth Oxychloride (CI 77163), Mica (CI 77019), Citric Acid, Caprylyl Glycol, 1,2-Hexanediol, Tropolone, Phenoxyethanol, Chlorophenesin, Disodium Phosphate.

Our formulations are updated from time to time as part of our commitment to innovation. As such, the ingredient list shown here may vary from the box of the product depending on time and region of purchase."
white flash,"Cyclopentasiloxane, Titanium Dioxide, Aluminum Hydroxide, Dimethicone, Hydrogen Dimethicone, Guaiazulene.

Our formulations are updated from time to time as part of our commitment to innovation. As such, the ingredient list shown here may vary from the box of the product depending on time and region of purchase."
ethylated l-ascorbic acid 30% network,"Ethoxydiglycol, Ethyl Ascorbic Acid, Superoxide Dismutase, Saccharomyces/Zinc Ferment.

Our formulations are updated from time to time as part of our commitment to innovation. As such, the ingredient list shown here may vary from the box of the product depending on time and region of purchase."
re: pigment,"Lentinus edodes mycelium extract, Aqua (Water), Glycerin, Propanediol, Potassium Azeloyl Diglycinate, Butylene Glycol, Acetyl glycyl beta-alanine, Myristoyl Nonapeptide-3, Tetrapeptide-30, Oligopeptide-68, Diglucosyl Gallic Acid, Evodia Rutaecarpa Fruit Extract, Algae Extract, Glycine Soja (Soybean) Oil, Hydrogenated Lecithin, Sodium Oleate, Disodium EDTA, Trisodium Ethylenediamine Disuccinate, Pentylene Glycol, Dimethyl Isosorbide, Ethoxydiglycol, Polysorbate 20, Potassium Sorbate, Sodium Benzoate, 1,2-Hexanediol, Phenoxyethanol, Caprylyl glycol.

Our formulations are updated from time to time as part of our commitment to innovation. As such, the ingredient list shown here may vary from the box of the product depending on time and region of purchase."
granactive retinoid 2% emulsion,"Aqua (Water), Glycerin, Ethyl Linoleate, Propanediol, Caprylic/Capric Triglyceride, Dimethyl Isosorbide, Cetearyl Isononanoate, Bisabolol, Hydroxypinacolone Retinoate, Retinol, Tasmannia Lanceolata Fruit/Leaf Extract, Inulin Lauryl Carbamate, Glyceryl Stearate, Ceteareth-12, Ceteareth-20, Cetearyl Alcohol, Carrageenan, Xanthan gum, Acacia Senegal Gum, Cetyl Palmitate, Sucrose Laurate, Polysorbate 20, Isoceteth-20, Behentrimonium Chloride, Trisodium Ethylenediamine Disuccinate, Disodium EDTA, Dehydroacetic Acid, Benzoic Acid, Ethylhexylglycerin, Phenoxyethanol, Chlorphenesin.

Our formulations are updated from time to time as part of our commitment to innovation. As such, the ingredient list shown here may vary from the box of the product depending on time and region of purchase."
alpha arbutin 2% + ha,"Aqua (Water), Alpha-Arbutin, Polyacrylate Crosspolymer-6, Hydrolyzed Sodium Hyaluronate, Propanediol, PPG-26-Buteth-26, PEG-40 Hydrogenated Castor Oil, Lactic Acid, Trisodium Ethylenediamine Disuccinate, Ethoxydiglycol, Phenoxyethanol, Chlorphenesin.

Our formulations are updated from time to time as part of our commitment to innovation. As such, the ingredient list shown here may vary from the box of the product depending on time and region of purchase."
ascorbyl glucoside solution 12%,"Aqua (Water), Ascorbyl Glucoside, Propanediol, Aminomethyl Propanol, Triethanolamine, Isoceteth-20, Xanthan gum, Dimethyl Isosorbide, Ethoxydiglycol, Trisodium Ethylenediamine Disuccinate, 1,2-Hexanediol, Caprylyl Glycol.

Our formulations are updated from time to time as part of our commitment to innovation. As such, the ingredient list shown here may vary from the box of the product depending on time and region of purchase."
ascorbyl tetraisopalmitate solution 20% in vitamin f,"Coconut Alkanes, Tetrahexyldecyl Ascorbate, Ethyl Linoleate, Coco-Caprylate/Caprate, Simmondsia Chinensis (Jojoba) Seed Oil, Solanum Lycopersicum (Tomato) Fruit Extract, Squalane.

Our formulations are updated from time to time as part of our commitment to innovation. As such, the ingredient list shown here may vary from the box of the product depending on time and region of purchase."
azelaic acid suspension 10%,"Aqua (Water), Isodecyl Neopentanoate, Dimethicone, Azelaic Acid, Dimethicone/Bis-Isobutyl PPG-20 Crosspolymer, Dimethyl Isosorbide, Hydroxyethyl Acrylate/Sodium Acryloyldimethyl Taurate Copolymer, Polysilicone-11, Isohexadecane, Tocopherol, Trisodium Ethylenediamine Disuccinate, Isoceteth-20, Polysorbate 60, Triethanolamine, Ethoxydiglycol, Phenoxyethanol, Chlorphenesin.

Our formulations are updated from time to time as part of our commitment to innovation. As such, the ingredient list shown here may vary from the box of the product depending on time and region of purchase."
magnesium ascorbyl phosphate 10%,"Aqua (Water), Coco Caprylate/caprate, Magnesium Ascorbyl Phosphate, Isodecyl Neopentanoate, Plukenetia Volubilis Seed Oil, Coconut Alkanes, Disteardimonium Hectorite, Polyglyceryl-3 Diisostearate, Polyglycerol-3 Polyricinoleate, Glycerin, Hexamethyldisiloxane, Terminalia Ferdinandiana Fruit Extract, Tocopherol, Sodium Chloride, Phenoxyethanol, Chlorphenesin.

Our formulations are updated from time to time as part of our commitment to innovation. As such, the ingredient list shown here may vary from the box of the product depending on time and region of purchase."
vitamin c suspension 23% + ha spheres 2%,"Ascorbic Acid, Squalane, Isodecyl Neopentanoate, Isononyl Isononanoate, Coconut Alkanes, Ethylene/Propylene/Styrene Copolymer, Ethylhexyl Palmitate, Silica Dimethyl Silylate, Sodium Hyaluronate, Glucomannan, Coco-Caprylate/Caprate, Butylene/Ethylene/Styrene Copolymer, Acrylates/Ethylhexyl Acrylate Crosspolymer, Trihydroxystearin, BHT.

Our formulations are updated from time to time as part of our commitment to innovation. As such, the ingredient list shown here may vary from the box of the product depending on time and region of purchase."
granactive retinoid 2% in squalane,"Squalane, C12-15 Alkyl Benzoate, Bisabolol, Dimethyl Isosorbide, Hydroxypinacolone Retinoate, Solanum Lycopersicum (Tomato) Fruit Extract, Simmondsia Chinensis (Jojoba) Seed Oil.

Our formulations are updated from time to time as part of our commitment to innovation. As such, the ingredient list shown here may vary from the box of the product depending on time and region of purchase."
granactive retinoid 5% in squalane,"Squalane, C12-15 Alkyl Benzoate, Bisabolol, Dimethyl Isosorbide, Hydroxypinacolone Retinoate, Solanum Lycopersicum (Tomato) Fruit Extract, Simmondsia Chinensis (Jojoba) Seed Oil.

Our formulations are updated from time to time as part of our commitment to innovation. As such, the ingredient list shown here may vary from the box of the product depending on time and region of purchase."
resveratrol 3% + ferulic acid 3%,"Propanediol, Resveratrol, Ferulic Acid.

Our formulations are updated from time to time as part of our commitment to innovation. As such, the ingredient list shown here may vary from the box of the product depending on time and region of purchase."
retinol 0.2% in squalane,"Squalane, Caprylic/Capric Triglyceride, Retinol, Solanum Lycopersicum (Tomato) Fruit Extract, Simmondsia Chinensis (Jojoba) Seed Oil, BHT.

Our formulations are updated from time to time as part of our commitment to innovation. As such, the ingredient list shown here may vary from the box of the product depending on time and region of purchase."
retinol 0.5% in squalane,"Squalane, Caprylic/Capric Triglyceride, Retinol, Solanum Lycopersicum (Tomato) Fruit Extract, Simmondsia Chinensis (Jojoba) Seed Oil, BHT.

Our formulations are updated from time to time as part of our commitment to innovation. As such, the ingredient list shown here may vary from the box of the product depending on time and region of purchase."
retinol 1% in squalane,"Squalane, Caprylic/Capric Triglyceride, Retinol, Solanum Lycopersicum (Tomato) Fruit Extract, Simmondsia Chinensis (Jojoba) Seed Oil, BHT.

Our formulations are updated from time to time as part of our commitment to innovation. As such, the ingredient list shown here may vary from the box of the product depending on time and region of purchase."
ascorbic acid 8% + alpha arbutin 2%,"Propanediol, Ascorbic Acid, Alpha-Arbutin

Our formulations are updated from time to time as part of our commitment to innovation. As such, the ingredient list shown here may vary from the box of the product depending on time and region of purchase."
inhibitif face serum,"Propanediol, Aqua (Water), Rosa Damascena Flower Water, Centaurea Cyanus Flower Water, Dihydromyricetin, Propylene Glycol, Butylene Glycol, Glycerin, Ppg-26-buteth-26, Subtilisin, Larrea Divaricata Extract, Tremella Fuciformis Sporocarp Extract, Sodium Hyaluronate Crosspolymer, Saccharide Isomerate, Betaine, Pentylene Glycol, Lecithin, Gellan Gum, Polyacrylate Crosspolymer-6, Disodium Edta, Sodium Bisulfite , Sodium Chloride, Sodium Citrate, Citric Acid, Phytic Acid, Peg-4 Hydrogenated Castor Oil, Dimethyl Isosorbide, Ethoxydiglycol, Potassium Sorbate, Sodium Benzoate, Ethylhexylglycerin, Phenoxyethanol, Chlorphenesin, Parfum (Fragrance), Citronellol, Limonene, Linalool.

Our formulations are updated from time to time as part of our commitment to innovation. As such, the ingredient list shown here may vary from the box of the product depending on time and region of purchase."
"booster, c25","ethoxydiglycol, ethyl ascorbic acid, hydroxyphenoxy propionic acid, phenylethyl resorcinol.

Our formulations are updated from time to time as part of our commitment to innovation. As such, the ingredient list shown here may vary from the box of the product depending on time and region of purchase."
"booster, glow","aqua (water), erythrulose, glycerin, propanediol, ppg-26-buteth-26, acetyl hexapeptide-1, dextran, superoxide dismutase, oxidized glutathione, polypodium vulgare rhizome extract, cetraria islandica thallus extract, sphagnum magellanicum extract, lactobacillus/eriodictyon californicum ferment extract, phospholipids, acacia senegal gum, xanthan gum, citric acid, phytic acid, trisodium ethylenediamine disuccinate, peg-40 hydrogenated castor oil, dimethyl isosorbide, ethoxydiglycol, leuconostoc/radish root ferment filtrate, caprylyl glycol, 1,2-hexanediol, ethyl 2,2-dimethylhydrocinnamal.

Our formulations are updated from time to time as part of our commitment to innovation. As such, the ingredient list shown here may vary from the box of the product depending on time and region of purchase."
"booster, low-molecular ha","Aqua (Water), Hydrolyzed Yeast Extract, Pentylene Glycol, Tamarindus Indica Seed Gum, Sodium Hyaluronate Crosspolymer, Hydrolyzed Sodium Hyaluronate, Sodium Hyaluronate, Tremella Fuciformis Sporocarp Extract, Ahnfeltia Concinna Extract, Lecithin, Glycerin, Betaine, Polyacrylate Crosspolymer-6, Cetyl Hydroxyethylcellulose, Polyglucuronic Acid, Trisodium Ethylenediamine Disuccinate, PPG-26-Buteth-26, PEG-40 Hydrogenated Castor Oil, Potassium Sorbate, Sodium Benzoate, Caprylyl Glycol, Hexylene Glycol, Ethylhexylglycerin, Phenoxyethanol, Chlorphenesin.

Our formulations are updated from time to time as part of our commitment to innovation. As such, the ingredient list shown here may vary from the box of the product depending on time and region of purchase."
"booster, pore flush","aqua (water), hamamelis virginiana leaf water, pseudoalteromonas ferment extract, butylene glycol, spiraea ulmaria extract, barosma betulina leaf extract, gellan gum, isoceteth-20, trisodium ethylenediamine disuccinate, citric acid, sodium salicylate, sodium chloride, lactobacillus ferment, potassium sorbate, sodium benzoate, phenoxyethanol, chlorphenesin.

Our formulations are updated from time to time as part of our commitment to innovation. As such, the ingredient list shown here may vary from the box of the product depending on time and region of purchase."
"booster, sensitive","aqua (water), sodium hyaluronate crosspolymer, saccharide isomerate, butylene glycol, curculigo orchioides root extract, tamarindus indica seed gum, mirabilis jalapa extract, trisodium ethylenediamine disuccinate, propanediol, pentylene glycol, phospholipids, lactobacillus/eriodictyon californicum ferment extract, glycerin, polyacrylate crosspolymer-6, citric acid, ppg-26-buteth-26, peg-40 hydrogenated castor oil, ethylhexylglycerin, sodium citrate, chlorphenesin, phenoxyethanol, leuconostoc/radish root ferment filtrate.

Our formulations are updated from time to time as part of our commitment to innovation. As such, the ingredient list shown here may vary from the box of the product depending on time and region of purchase."
pore control,"aqua (water), niacinamide, dimethicone/vinyl dimethicone crosspolymer, pseudoalteromonas ferment extract, cyclohexasiloxane, glycerin, butylene glycol, vinyl dimethicone/methicone silsesquioxane crosspolymer, dipeptide diaminobutyroyl benzylamide diacetate, fomes officinalis (mushroom) extract, pistacia lentiscus (mastic) gum, allantoin, lecithin, citric acid, sodium salicylate, acrylamide/sodium acryloyldimethyltaurate copolymer, peg-10 dimethicone, laureth-9, carbomer, acrylates/c10-30 alkyl acrylate crosspolymer, isohexadecane, cyclopentasiloxane, polysorbate 80, triethanolamine, trisodium ethylenediamine disuccinate, alcohol, sodium benzoate, phenoxyethanol, chlorphenesin.

Our formulations are updated from time to time as part of our commitment to innovation. As such, the ingredient list shown here may vary from the box of the product depending on time and region of purchase."
pore delete,"adipic acid/ neopentyl glycol crosspolymer, aqua (water), dimethicone, cyclohexasiloxane, ethoxydiglycol, vp/va copolymer, vinyl dimethicone/ methicone silsesquioxane crosspolymer, tasmannia lanceolate fruit/ leaf extract, glycerin, peg-10 dimethicone, acrylamide/ sodium acryloyldimethyltaurate copolymer, isohexadecane, polysorbate 80, amodimethicone, hydroxypropyl methylcellulose, caprylyl glycol, phenoxyethanol, chlorphenesin.

Our formulations are updated from time to time as part of our commitment to innovation. As such, the ingredient list shown here may vary from the box of the product depending on time and region of purchase."
subq anti-age,"aqua (water), glycerin, hydrolyzed yeast extract, pentylene glycol, tamarindus indica seed gum, sodium hyaluronate crosspolymer, palmitoyl tripeptide-38, myristoyl nonapeptide-3, copper lysinate/prolinate, methylglucoside phosphate, hydrolyzed sodium hyaluronate, sodium hyaluronate, ahnfeltia concinna extract, saccharide isomerate, polyglucuronic acid, lactobacillus/eriodictyon californicum ferment extract, pseudoalteromonas ferment extract, phospholipids, lecithin, hydroxypropyl cyclodextrin, cetyl hydroxyethylcellulose, polyacrylate crosspolymer-6, hexylene glycol, salicylic acid, citric acid, sodium citrate, sodium hydroxide, trisodium ethylenediamine disuccinate, ethoxydiglycol, leuconostoc/radish root ferment filtrate, sodium benzoate, potassium sorbate, ethylhexylglycerin, caprylyl glycol, phenoxyethanol, chlorphenesin.

Our formulations are updated from time to time as part of our commitment to innovation. As such, the ingredient list shown here may vary from the box of the product depending on time and region of purchase."
subq eyes,"aqua (water), glycerin, methyl methacrylate/peg/ppg-4/3 methacrylate crosspolymer, albizia julibrissin bark extract, propanediol, myristoyl nonapeptide-3, palmitoyl tripeptide-38, dipeptide diaminobutyroyl benzylamide diacetate, epigallocatechin gallatyl glucoside, gallyl glucoside, darutoside, aminobutyric acid, fucus vesiculosus extract, ascophyllum nodosum extract, asparagopsis armata extract, hydroxypropyl cyclodextrin, mangifera indica seed butter, lecithin, orbignya oleifera seed oil, squalane, sorbitol, tocopheryl acetate, propyl gallate, polyacrylate crosspolymer-6, pentylene glycol, cetearyl isononanoate, ceteareth-20, cetearyl alcohol, glyceryl stearate, xanthan gum, ceteareth-12, cetyl palmitate, gluconolactone, potassium sorbate, sodium benzoate, benzoic acid, benzyl alcohol, hexylene glycol, caprylyl glycol, dehydroacetic acid, phenoxyethanol, chlorphenesin.

Our formulations are updated from time to time as part of our commitment to innovation. As such, the ingredient list shown here may vary from the box of the product depending on time and region of purchase."
activated serum,"Aqua (Water), Oxidised Glutathione, Acety gylcyl beta-alanine, Alpha-Arbutin, Dimethyl Isosorbide, Glycerin, Palmitoyl SH-Tripeptide-5 Norisoleucyl SH-Nonapeptide-1, Palmitoyl SH-Octapeptide-24 Amide, Glycolic Acid, Lactic Acid, Polyvinyl Alcohol, Diglucosyl Gallic Acid, Trisodium Ethylenediamine Disuccinate, Potassium Sorbate, Acacia Senegal Gum, Xanthan Gum

Our formulations are updated from time to time as part of our commitment to innovation. As such, the ingredient list shown here may vary from the box of the product depending on time and region of purchase."
ethylated l-ascorbic acid 30% network,"Ethoxydiglycol, Ethyl Ascorbic Acid, Superoxide Dismutase, Saccharomyces/Zinc Ferment.

Our formulations are updated from time to time as part of our commitment to innovation. As such, the ingredient list shown here may vary from the box of the product depending on time and region of purchase."
fractionated eye-contour concentrate,"Aqua (Water), Glycerin, Butylene Glycol, Hydrolyzed Yeast Extract, Albizia Julibrissin Bark Extract, Niacinamide, Dipeptide Diaminobutyroyl Benzylamide Diacetate, Palmitoyl Tripeptide-38, Acetyl Hexapeptide-8, Acetyl Tetrapeptide-5, Decapeptide-22, Oligopeptide-78, Palmitoyl Decapeptide-21, Palmitoyl Hexapeptide-52, Zinc Palmitoyl Nonapeptide-14, Palmitoyl Tetrapeptide-50, Pentapeptide-18, Acetyl Hexapeptide-30, Heptapeptide-15 Palmitate, Palmitoyl Heptapeptide-18, S-Mu-Conotoxin CnIIIc Acetate, Sodium Hyaluronate, Darutoside, Epigallocatechin Gallatyl Glucoside, Gallyl Glucoside, Ascorbyl Glucoside, Zinc PCA, Methylglucoside Phosphate, Disodium Acetyl Glucosamine Phosphate, Copper Lysinate/Prolinate, Hydroxypropyl Cyclodextrin, Superoxide Dismutase, Escin, Ascorbic Acid, Ammonium Glycyrrhizate, Polyglucuronic Acid, Ascophyllum Nodosum Extract, Asparagopsis Armata Extract, Fraxinus Excelsior Bark Extract, Olea Europaea Leaf Extract, Ruscus Aculeatus Root Extract, Centella Asiatica Extract, Calendula Officinalis Flower Extract, Arginine, Panthenol, Hydrolyzed Rice Protein, Glycine Soja (Soybean) Protein, Hydrolyzed Wheat Protein, Hydrolyzed Yeast Protein, Lecithin, Polyacrylate Crosspolymer-6, Xanthan Gum, Cetyl Hydroxyethylcellulose, Silanetriol, Sodium Dextran Sulfate, Sorbitol, Pentylene Glycol, Dimethyl Isosorbide, Citric Acid, Glycolic Acid, Lactic Acid, Lactic Acid/Glycolic Acid Copolymer, PPG-26-Buteth-26, Polyvinyl Alcohol, PEG-40 Hydrogenated Castor Oil, Propyl Gallate, Potassium Sorbate, Caprylyl Glycol, Glyceryl Caprylate, Ethylhexylglycerin, Sodium Benzoate, Benzyl Alcohol, Phenylpropanol, Dehydroacetic Acid, Phenoxyethanol, Chlorphenesin.

Our formulations are updated from time to time as part of our commitment to innovation. As such, the ingredient list shown here may vary from the box of the product depending on time and region of purchase."
multi-molecular hyaluronic complex,"Aqua (Water), Hydrolyzed Yeast Extract, Glycerin, Hyaluronic Acid, Sodium Hyaluronate, Sodium Butyroyl Hyaluronate, Sodium Hyaluronate Crosspolymer, Hydrolyzed Sodium Hyaluronate, Disodium Acetyl Glucosamine Phosphate, Tetradecyl Aminobutyroylvalylaminobutyric Urea Trifluoroacetate, Pseudoalteromonas Exopolysaccharides, Tamarindus Indica Seed Gum, Tremella Fuciformis Sporocarp Extract, Ceratonia Siliqua Gum, Myristoyl Nonapeptide-3, Plantago Lanceolata Leaf Extract, Salvia Sclarea Extract, Arginine, Aspartic Acid, Glycine, Alanine, Serine, Valine, Isoleucine, Proline, Threonine, Histidine, Phenylalanine, PCA, Sodium PCA, Betaine, Sodium Lactate, Epigallocatechin Gallatyl Glucoside, Gallyl Glucoside, Algae Extract, Sodium Salicylate, Lecithin, Polyglucuronic Acid, Xanthan Gum, Trisodium Ethylenediamine Disuccinate, Sclerotium Gum, Pullulan, Cetyl Hydroxyethylcellulose, Propanediol, Pentylene Glycol, Dimethyl Isosorbide, Citric Acid, Magnesium Chloride, Silica, Polysorbate 20, Ethoxydiglycol, Propyl Gallate, Dehydroacetic Acid, Benzyl Alcohol, Potassium Sorbate, Sodium Benzoate, Ethylhexylglycerin, 1,2-Hexanediol, Caprylyl Glycol, Phenoxyethanol.

Our formulations are updated from time to time as part of our commitment to innovation. As such, the ingredient list shown here may vary from the box of the product depending on time and region of purchase."
non-acid acid precursor 15%,"Aqua (Water), Lactococcus Ferment Lysate, Glycerin, Ethyl Linoleate, Hydroxyethyl Acrylate/Sodium Acryloyldimethyl Taurate Copolymer, Hexanoyl Dipeptide-3 Norleucine Acetate, Myristoyl Nonapeptide-3, Yeast Extract, Soy Amino Acids, Bisabolol, Pseudoalteromonas Exopolysaccharides, Lecithin, Sorbitan Isostearate, Isohexadecane, Polysorbate 60, Polyacrylate Crosspolymer-6, Trisodium Ethylenediamine Disuccinate, Sodium Salicylate, Citric Acid, Sodium Chloride, Potassium Sorbate, Sodium Benzoate, Pentylene Glycol, Ethoxydiglycol, Phenoxyethanol, Chlorphenesin.

Our formulations are updated from time to time as part of our commitment to innovation. As such, the ingredient list shown here may vary from the box of the product depending on time and region of purchase."
set n.1,none
re: pigment,"Lentinus edodes mycelium extract, Aqua (Water), Glycerin, Propanediol, Potassium Azeloyl Diglycinate, Butylene Glycol, Acetyl glycyl beta-alanine, Myristoyl Nonapeptide-3, Tetrapeptide-30, Oligopeptide-68, Diglucosyl Gallic Acid, Evodia Rutaecarpa Fruit Extract, Algae Extract, Glycine Soja (Soybean) Oil, Hydrogenated Lecithin, Sodium Oleate, Disodium EDTA, Trisodium Ethylenediamine Disuccinate, Pentylene Glycol, Dimethyl Isosorbide, Ethoxydiglycol, Polysorbate 20, Potassium Sorbate, Sodium Benzoate, 1,2-Hexanediol, Phenoxyethanol, Caprylyl glycol.

Our formulations are updated from time to time as part of our commitment to innovation. As such, the ingredient list shown here may vary from the box of the product depending on time and region of purchase."
copper amino isolate serum 2:1,"ACTIVATOR Aqua (Water), Glycerin, Tripeptide-29, Tripeptide-1, Myristoyl Nonapeptide-3, Trifluoroacetyl Tripeptide-2, Acetyl Tetrapeptide-2, Sodium Hyaluronate Crosspolymer, Glycogen, Propanediol, Pentylene Glycol, Dextran, Dimethyl Isosorbide, Ethoxydiglycol, Isoceteth-20, Leuconostoc/Radish Root Ferment Filtrate, Caprylyl Glycol, Ethylhexylglycerin, Phenoxyethanol, Chlorphenesin. COPPER CONCENTRATE Aqua (Water), Copper Gluconate, Isoceteth-20, Phenoxyethanol, Chlorphenesin. Note: The Activator contains 2% pure GHK (Tripeptide-1). The Serum bottle, before mixing, contains Copper Gluconate. Once mixed, 1% GHK is left in free form, while 1% binds to the Copper Gluconate to form 1% Copper Tripeptide-1 (known as GHK-Cu or Copper Peptides). The ""2:1"" reference in the name of this product reflects the 2-to-1 ratio of GHK to GHK-Cu.

Our formulations are updated from time to time as part of our commitment to innovation. As such, the ingredient list shown here may vary from the box of the product depending on time and region of purchase."
copper amino isolate lipd 5:3,"Coming Soon.

Our formulations are updated from time to time as part of our commitment to innovation. As such, the ingredient list shown here may vary from the box of the product depending on time and region of purchase."
“buffet”,"Aqua (Water), Glycerin, Lactococcus Ferment Lysate, Acetyl Hexapeptide-8, Pentapeptide-18, Palmitoyl Tripeptide-1, Palmitoyl Tetrapeptide-7, Palmitoyl Tripeptide-38, Dipeptide Diaminobutyroyl Benzylamide Diacetate, Acetylarginyltryptophyl Diphenylglycine, Sodium Hyaluronate Crosspolymer, Sodium Hyaluronate, Allantoin, Glycine, Alanine, Serine, Valine, Isoleucine, Proline, Threonine, Histidine, Phenylalanine, Arginine, Aspartic Acid, Trehalose, Fructose, Glucose, Maltose, Urea, Sodium PCA, PCA, Sodium Lactate, Citric Acid, Hydroxypropyl Cyclodextrin, Sodium Chloride, Sodium Hydroxide, Butylene Glycol, Pentylene Glycol, Acacia Senegal Gum, Xanthan Gum, Carbomer, Polysorbate 20, PPG-26-Buteth-26, PEG-40 Hydrogenated Castor Oil, Trisodium Ethylenediamine Disuccinate, Ethoxydiglycol, Sodium Benzoate, Caprylyl Glycol, Ethylhexylglycerin, Phenoxyethanol, Chlorphenesin.

Our formulations are updated from time to time as part of our commitment to innovation. As such, the ingredient list shown here may vary from the box of the product depending on time and region of purchase."
100% cold-pressed virgin marula oil,"Sclerocarya Birrea Seed Oil.

Our formulations are updated from time to time as part of our commitment to innovation. As such, the ingredient list shown here may vary from the box of the product depending on time and region of purchase."
100% organic cold-pressed moroccan argan oil,"Argania Spinosa Kernel Oil.

Our formulations are updated from time to time as part of our commitment to innovation. As such, the ingredient list shown here may vary from the box of the product depending on time and region of purchase."
100% organic cold-pressed rose hip seed oil,"Rosa Canina Seed Oil.

Our formulations are updated from time to time as part of our commitment to innovation. As such, the ingredient list shown here may vary from the box of the product depending on time and region of purchase."
granactive retinoid 2% emulsion,"Aqua (Water), Glycerin, Ethyl Linoleate, Propanediol, Caprylic/Capric Triglyceride, Dimethyl Isosorbide, Cetearyl Isononanoate, Bisabolol, Hydroxypinacolone Retinoate, Retinol, Tasmannia Lanceolata Fruit/Leaf Extract, Inulin Lauryl Carbamate, Glyceryl Stearate, Ceteareth-12, Ceteareth-20, Cetearyl Alcohol, Carrageenan, Xanthan gum, Acacia Senegal Gum, Cetyl Palmitate, Sucrose Laurate, Polysorbate 20, Isoceteth-20, Behentrimonium Chloride, Trisodium Ethylenediamine Disuccinate, Disodium EDTA, Dehydroacetic Acid, Benzoic Acid, Ethylhexylglycerin, Phenoxyethanol, Chlorphenesin.

Our formulations are updated from time to time as part of our commitment to innovation. As such, the ingredient list shown here may vary from the box of the product depending on time and region of purchase."
alpha arbutin 2% + ha,"Aqua (Water), Alpha-Arbutin, Polyacrylate Crosspolymer-6, Hydrolyzed Sodium Hyaluronate, Propanediol, PPG-26-Buteth-26, PEG-40 Hydrogenated Castor Oil, Lactic Acid, Trisodium Ethylenediamine Disuccinate, Ethoxydiglycol, Phenoxyethanol, Chlorphenesin.

Our formulations are updated from time to time as part of our commitment to innovation. As such, the ingredient list shown here may vary from the box of the product depending on time and region of purchase."
ascorbyl glucoside solution 12%,"Aqua (Water), Ascorbyl Glucoside, Propanediol, Aminomethyl Propanol, Triethanolamine, Isoceteth-20, Xanthan gum, Dimethyl Isosorbide, Ethoxydiglycol, Trisodium Ethylenediamine Disuccinate, 1,2-Hexanediol, Caprylyl Glycol.

Our formulations are updated from time to time as part of our commitment to innovation. As such, the ingredient list shown here may vary from the box of the product depending on time and region of purchase."
ascorbyl tetraisopalmitate solution 20% in vitamin f,"Coconut Alkanes, Tetrahexyldecyl Ascorbate, Ethyl Linoleate, Coco-Caprylate/Caprate, Simmondsia Chinensis (Jojoba) Seed Oil, Solanum Lycopersicum (Tomato) Fruit Extract, Squalane.

Our formulations are updated from time to time as part of our commitment to innovation. As such, the ingredient list shown here may vary from the box of the product depending on time and region of purchase."
azelaic acid suspension 10%,"Aqua (Water), Isodecyl Neopentanoate, Dimethicone, Azelaic Acid, Dimethicone/Bis-Isobutyl PPG-20 Crosspolymer, Dimethyl Isosorbide, Hydroxyethyl Acrylate/Sodium Acryloyldimethyl Taurate Copolymer, Polysilicone-11, Isohexadecane, Tocopherol, Trisodium Ethylenediamine Disuccinate, Isoceteth-20, Polysorbate 60, Triethanolamine, Ethoxydiglycol, Phenoxyethanol, Chlorphenesin.

Our formulations are updated from time to time as part of our commitment to innovation. As such, the ingredient list shown here may vary from the box of the product depending on time and region of purchase."
caffeine solution 5% + egcg,"Aqua (Water), Caffeine, Maltodextrin, Glycerin, Propanediol, Epigallocatechin Gallatyl Glucoside, Gallyl Glucoside, Hyaluronic Acid, Oxidized Glutathione, Melanin, Glycine Soja (Soybean) Seed Extract, Urea, Pentylene Glycol, Hydroxyethylcellulose, Polyacrylate Crosspolymer-6, Xanthan gum, Lactic Acid, Dehydroacetic Acid, Trisodium Ethylenediamine Disuccinate, Propyl Gallate, Dimethyl Isosorbide, Benzyl Alcohol, 1,2-Hexanediol, Ethylhexylglycerin, Phenoxyethanol, Caprylyl Glycol.

Our formulations are updated from time to time as part of our commitment to innovation. As such, the ingredient list shown here may vary from the box of the product depending on time and region of purchase."
high-adherence silicone primer,"Aqua (Water), Isodecyl Neopentanoate, Dimethicone, Dimethicone/Bis-Isobutyl PPG-20 Crosspolymer, Hydroxyethyl Acrylate/Sodium Acryloyldimethyl Taurate Copolymer, Isohexadecane, Hexamethyldisiloxane, Isoceteth-20, Polysilicone-11, Tocopherol, Polysorbate 60, Trisodium Ethylenediamine Disuccinate, Phenoxyethanol, Chlorphenesin.

Our formulations are updated from time to time as part of our commitment to innovation. As such, the ingredient list shown here may vary from the box of the product depending on time and region of purchase."
high-spreadability fluid primer,"Hexamethyldisiloxane, Cyclopentasiloxane, Caprylyl Methicone, PEG-12 Dimethicone/PPG-20 Crosspolymer, Dimethicone, Dimethicone/Vinyl Dimethicone Crosspolymer, Tocopherol.

Our formulations are updated from time to time as part of our commitment to innovation. As such, the ingredient list shown here may vary from the box of the product depending on time and region of purchase."
hyaluronic acid 2% + b5,"Aqua (Water), Sodium Hyaluronate, Pentylene Glycol, Propanediol, Sodium Hyaluronate Crosspolymer, Panthenol, Ahnfeltia Concinna Extract, Glycerin, Trisodium Ethylenediamine Disuccinate, Citric Acid, Isoceteth-20, Ethoxydiglycol, Ethylhexylglycerin, Hexylene Glycol, 1,2-Hexanediol, Phenoxyethanol, Caprylyl Glycol.

Our formulations are updated from time to time as part of our commitment to innovation. As such, the ingredient list shown here may vary from the box of the product depending on time and region of purchase."
lactic acid 10% + ha,"Aqua (Water), Lactic Acid, Glycerin, Pentylene Glycol, Propanediol, Sodium Hydroxide, Sodium Hyaluronate Crosspolymer, Tasmannia Lanceolata Fruit/Leaf Extract, Acacia Senegal Gum, Xanthan Gum, Isoceteth-20, Trisodium Ethylenediamine Disuccinate, Ethylhexylglycerin, 1,2-Hexanediol, Caprylyl Glycol.

Our formulations are updated from time to time as part of our commitment to innovation. As such, the ingredient list shown here may vary from the box of the product depending on time and region of purchase."
lactic acid 5% + ha,"Aqua (Water), Lactic Acid, Glycerin, Pentylene Glycol, Propanediol, Sodium Hyaluronate Crosspolymer, Tasmannia Lanceolata Fruit/Leaf Extract, Hydroxyethylcellulose, Isoceteth-20, Trisodium Ethylenediamine Disuccinate, Sodium Hydroxide, Ethylhexylglycerin, 1,2-Hexanediol, Caprylyl Glycol.

Our formulations are updated from time to time as part of our commitment to innovation. As such, the ingredient list shown here may vary from the box of the product depending on time and region of purchase."
magnesium ascorbyl phosphate 10%,"Aqua (Water), Coco Caprylate/caprate, Magnesium Ascorbyl Phosphate, Isodecyl Neopentanoate, Plukenetia Volubilis Seed Oil, Coconut Alkanes, Disteardimonium Hectorite, Polyglyceryl-3 Diisostearate, Polyglycerol-3 Polyricinoleate, Glycerin, Hexamethyldisiloxane, Terminalia Ferdinandiana Fruit Extract, Tocopherol, Sodium Chloride, Phenoxyethanol, Chlorphenesin.

Our formulations are updated from time to time as part of our commitment to innovation. As such, the ingredient list shown here may vary from the box of the product depending on time and region of purchase."
matrixyl 10% + ha,"Aqua (Water), Glycerin, Butylene Glycol, Palmitoyl Tripeptide-1, Palmitoyl Tetrapeptide-7, Palmitoyl Tripeptide-38, Sodium Hyaluronate, Hydroxypropyl Cyclodextrin, PPG-26-Buteth-26, PEG-40 Hydrogenated Castor Oil, Polyacrylate Crosspolymer-6, Trisodium Ethylenediamine Disuccinate, Carbomer, Polysorbate 20, Ethoxydiglycol, Phenoxyethanol, Chlorphenesin.

Our formulations are updated from time to time as part of our commitment to innovation. As such, the ingredient list shown here may vary from the box of the product depending on time and region of purchase."
natural moisturizing factors + ha,"Aqua (Water), Caprylic/Capric Triglyceride, Cetyl Alcohol, Propanediol, Stearyl Alcohol, Glycerin, Sodium Hyaluronate, Arginine, Aspartic Acid, Glycine, Alanine, Serine, Valine, Isoleucine, Proline, Threonine, Histidine, Phenylalanine, Glucose, Maltose, Fructose, Trehalose, Sodium PCA, PCA, Sodium Lactate, Urea, Allantoin, Linoleic Acid, Oleic Acid, Phytosteryl Canola Glycerides, Palmitic Acid, Stearic Acid, Lecithin, Triolein, Tocopherol, Carbomer, Isoceteth-20, Polysorbate 60, Sodium Chloride, Citric Acid, Trisodium Ethylenediamine Disuccinate, Pentylene Glycol, Triethanolamine, Sodium Hydroxide, Phenoxyethanol, Chlorphenesin.

Our formulations are updated from time to time as part of our commitment to innovation. As such, the ingredient list shown here may vary from the box of the product depending on time and region of purchase."
niacinamide 10% + zinc 1%,"Aqua (Water), Niacinamide, Pentylene Glycol, Zinc PCA, Dimethyl Isosorbide, Tamarindus Indica Seed Gum, Xanthan gum, Isoceteth-20, Ethoxydiglycol, Phenoxyethanol, Chlorphenesin.

Our formulations are updated from time to time as part of our commitment to innovation. As such, the ingredient list shown here may vary from the box of the product depending on time and region of purchase."
vitamin c suspension 23% + ha spheres 2%,"Ascorbic Acid, Squalane, Isodecyl Neopentanoate, Isononyl Isononanoate, Coconut Alkanes, Ethylene/Propylene/Styrene Copolymer, Ethylhexyl Palmitate, Silica Dimethyl Silylate, Sodium Hyaluronate, Glucomannan, Coco-Caprylate/Caprate, Butylene/Ethylene/Styrene Copolymer, Acrylates/Ethylhexyl Acrylate Crosspolymer, Trihydroxystearin, BHT.

Our formulations are updated from time to time as part of our commitment to innovation. As such, the ingredient list shown here may vary from the box of the product depending on time and region of purchase."
100% plant-derived squalane,"Squalane.

Our formulations are updated from time to time as part of our commitment to innovation. As such, the ingredient list shown here may vary from the box of the product depending on time and region of purchase."
alpha lipoic acid 5%,"Propanediol, Thioctic Acid.

Our formulations are updated from time to time as part of our commitment to innovation. As such, the ingredient list shown here may vary from the box of the product depending on time and region of purchase."
argireline solution 10%,"Aqua (Water), Propanediol, Acetyl Hexapeptide-8, Trisodium Ethylenediamine Disuccinate, Gellan Gum, Sodium Chloride, Isoceteth-20, Dimethyl Isosorbide, Potassium Sorbate, Phenoxyethanol, Chlorphenesin.

Our formulations are updated from time to time as part of our commitment to innovation. As such, the ingredient list shown here may vary from the box of the product depending on time and region of purchase."
aha 30% + bha 2% peeling solution,"Glycolic Acid, Aqua (Water), Aloe Barbadensis Leaf Water, Sodium Hydroxide, Daucus Carota Sativa Extract, Propanediol, Cocamidopropyl Dimethylamine, Salicylic Acid, Potassium Citrate, Lactic Acid, Tartaric Acid, Citric Acid, Panthenol, Sodium Hyaluronate Crosspolymer, Tasmannia Lanceolata Fruit/Leaf Extract, Glycerin, Pentylene Glycol, Xanthan gum, Polysorbate 20, Trisodium Ethylenediamine Disuccinate, Potassium Sorbate, Sodium Benzoate, Ethylhexylglycerin, 1,2-Hexanediol, Caprylyl Glycol.

Our formulations are updated from time to time as part of our commitment to innovation. As such, the ingredient list shown here may vary from the box of the product depending on time and region of purchase."
glycolic acid 7% toning solution,"Aqua (Water), Glycolic Acid, Rosa damascena flower water, Centaurea cyanus flower water, Aloe Barbadensis Leaf Water, Propanediol, Glycerin, Triethanolamine, Aminomethyl Propanol, Panax Ginseng Root Extract, Tasmannia Lanceolata Fruit/Leaf Extract, Aspartic Acid, Alanine, Glycine, Serine, Valine, Isoleucine, Proline, Threonine, Histidine, Phenylalanine, Glutamic Acid, Arginine, PCA, Sodium PCA, Sodium Lactate, Fructose, Glucose, Sucrose, Urea, Hexyl Nicotinate, Dextrin, Citric Acid, Polysorbate 20, Gellan Gum, Trisodium Ethylenediamine Disuccinate, Sodium Chloride, Hexylene Glycol, Potassium Sorbate, Sodium Benzoate, 1,2-Hexanediol, Caprylyl Glycol.

Our formulations are updated from time to time as part of our commitment to innovation. As such, the ingredient list shown here may vary from the box of the product depending on time and region of purchase."
salicylic acid 2% solution,"Aqua (Water), Hamamelis Virginiana Leaf Water, Cocamidopropyl Dimethylamine, Salicylic Acid, Dimethyl Isosorbide, Trisodium Ethylenediamine Disuccinate, Citric Acid, Polysorbate 20, Hydroxyethylcellulose, Ethoxydiglycol, Potassium Sorbate, Sodium Benzoate, 1,2-hexanediol, Caprylyl Glycol.

Our formulations are updated from time to time as part of our commitment to innovation. As such, the ingredient list shown here may vary from the box of the product depending on time and region of purchase."
vitamin c suspension 30% in silicone,"Dimethicone, Ascorbic Acid, Polysilicone-11, PEG-10 Dimethicone.

Our formulations are updated from time to time as part of our commitment to innovation. As such, the ingredient list shown here may vary from the box of the product depending on time and region of purchase."
granactive retinoid 2% in squalane,"Squalane, C12-15 Alkyl Benzoate, Bisabolol, Dimethyl Isosorbide, Hydroxypinacolone Retinoate, Solanum Lycopersicum (Tomato) Fruit Extract, Simmondsia Chinensis (Jojoba) Seed Oil.

Our formulations are updated from time to time as part of our commitment to innovation. As such, the ingredient list shown here may vary from the box of the product depending on time and region of purchase."
granactive retinoid 5% in squalane,"Squalane, C12-15 Alkyl Benzoate, Bisabolol, Dimethyl Isosorbide, Hydroxypinacolone Retinoate, Solanum Lycopersicum (Tomato) Fruit Extract, Simmondsia Chinensis (Jojoba) Seed Oil.

Our formulations are updated from time to time as part of our commitment to innovation. As such, the ingredient list shown here may vary from the box of the product depending on time and region of purchase."
resveratrol 3% + ferulic acid 3%,"Propanediol, Resveratrol, Ferulic Acid.

Our formulations are updated from time to time as part of our commitment to innovation. As such, the ingredient list shown here may vary from the box of the product depending on time and region of purchase."
retinol 0.2% in squalane,"Squalane, Caprylic/Capric Triglyceride, Retinol, Solanum Lycopersicum (Tomato) Fruit Extract, Simmondsia Chinensis (Jojoba) Seed Oil, BHT.

Our formulations are updated from time to time as part of our commitment to innovation. As such, the ingredient list shown here may vary from the box of the product depending on time and region of purchase."
retinol 0.5% in squalane,"Squalane, Caprylic/Capric Triglyceride, Retinol, Solanum Lycopersicum (Tomato) Fruit Extract, Simmondsia Chinensis (Jojoba) Seed Oil, BHT.

Our formulations are updated from time to time as part of our commitment to innovation. As such, the ingredient list shown here may vary from the box of the product depending on time and region of purchase."
retinol 1% in squalane,"Squalane, Caprylic/Capric Triglyceride, Retinol, Solanum Lycopersicum (Tomato) Fruit Extract, Simmondsia Chinensis (Jojoba) Seed Oil, BHT.

Our formulations are updated from time to time as part of our commitment to innovation. As such, the ingredient list shown here may vary from the box of the product depending on time and region of purchase."
euk 134 0.1%,"Propanediol, Ethylbisiminomethylguaiacol manganese chloride.

Our formulations are updated from time to time as part of our commitment to innovation. As such, the ingredient list shown here may vary from the box of the product depending on time and region of purchase."
the no-brainer set,none
marine hyaluronics,"Aqua (Water), Glycerin, Algae Extract, Pseudoalteromonas Exopolysaccharides, Pseudoalteromonas Ferment Extract, Ahnfeltia Concinna Extract, Arginine, Glycine, Alanine, Serine, Valine, Isoleucine, Proline, Threonine, Histidine, Phenylalanine, Aspartic Acid, PCA, Sodium PCA, Sodium Lactate, Salicylic Acid, Citric Acid, Propanediol, Dimethyl Isosorbide, Ethoxydiglycol, Polysorbate 20, Potassium Sorbate, Sodium Salicylate, Sodium Benzoate, Hexylene Glycol, 1,2-Hexanediol, Phenoxyethanol, Caprylyl Glycol.

Our formulations are updated from time to time as part of our commitment to innovation. As such, the ingredient list shown here may vary from the box of the product depending on time and region of purchase."
100% organic cold-pressed borage seed oil,"Borago Officinalis Seed Oil

Our formulations are updated from time to time as part of our commitment to innovation. As such, the ingredient list shown here may vary from the box of the product depending on time and region of purchase."
100% organic virgin sea-buckthorn fruit oil,"Hippophae Rhamnoides Fruit Oil

Our formulations are updated from time to time as part of our commitment to innovation. As such, the ingredient list shown here may vary from the box of the product depending on time and region of purchase."
ascorbic acid 8% + alpha arbutin 2%,"Propanediol, Ascorbic Acid, Alpha-Arbutin

Our formulations are updated from time to time as part of our commitment to innovation. As such, the ingredient list shown here may vary from the box of the product depending on time and region of purchase."
"""buffet"" + copper peptides 1%","Aqua (Water), Glycerin, Lactococcus Ferment Lysate, Copper Tripeptide-1, Acetyl Hexapeptide-8, Pentapeptide-18, Palmitoyl Tripeptide-1, Palmitoyl Tetrapeptide-7, Palmitoyl Tripeptide-38, Dipeptide Diaminobutyroyl Benzylamide Diacetate, Acetylarginyltryptophyl Diphenylglycine, Sodium Hyaluronate Crosspolymer, Sodium Hyaluronate, Allantoin, Glycine, Alanine, Serine, Valine, Isoleucine, Proline, Threonine, Histidine, Phenylalanine, Arginine, Aspartic Acid, Trehalose, Fructose, Glucose, Maltose, Urea, Sodium PCA, PCA, Sodium Lactate, Citric Acid, Hydroxypropyl Cyclodextrin, Sodium Chloride, Sodium Hydroxide, Butylene Glycol, Pentylene Glycol, Acacia Senegal Gum, Xanthan Gum, Carbomer, Polysorbate 20, Dimethyl Isosorbide, Sodium Benzoate, Caprylyl Glycol, Ethylhexylglycerin, Phenoxyethanol, Chlorphenesin

Our formulations are updated from time to time as part of our commitment to innovation. As such, the ingredient list shown here may vary from the box of the product depending on time and region of purchase."
ethylated ascorbic acid 15% solution,"Propanediol, Ethyl Ascorbic Acid.

Our formulations are updated from time to time as part of our commitment to innovation. As such, the ingredient list shown here may vary from the box of the product depending on time and region of purchase."
survival 0,"Aqua (Water), Glycerin, Squalane, Inulin, Algae Extract, Alpha-glucan oligosaccharide, Solanum Lycopersicum (Tomato) Fruit Extract, Superoxide Dismutase, Dimethylmethoxy Chromanol, Xanthophyll, Pinus Pinaster Bark Extract, Polygonum Aviculare Extract, Hydrolyzed Sodium Hyaluronate, Alteromonas Ferment Extract, Padina Pavonica Thallus Extract, Arginine, Glycine, Alanine, Serine, Valine, Proline, Threonine, Isoleucine, Histidine, Phenylalanine, Aspartic Acid, PCA, Sodium PCA, Sodium Lactate, Simmondsia Chinensis (Jojoba) Seed Oil, Melanin, Sucrose, Tapioca Starch, Propanediol, Pentylene Glycol, Butylene Glycol, Acrylates/C10-30 Alkyl Acrylate Crosspolymer, Carbomer, Trisodium Ethylenediamine Disuccinate, Isoceteth-20, Tromethamine, Triethanolamine, Polyurethane-34, Ethoxydiglycol, Potassium Sorbate, Sodium Benzoate, 1,2-Hexanediol, Ethylhexylglycerin, Phenoxyethanol, Caprylyl Glycol.

Our formulations are updated from time to time as part of our commitment to innovation. As such, the ingredient list shown here may vary from the box of the product depending on time and region of purchase."
survival 10,"Cyclopentasiloxane, Aqua (Water), Zinc Oxide, Glycerin, PEG-9 Polydimethylsiloxyethyl Dimethicone, Titanium Dioxide, Propanediol, Acrylates/Ethylhexyl Acrylate Crosspolymer, PEG-10 Dimethicone, Dimethicone/PEG-10/15 Crosspolymer, Dimethylmethoxy Chromanol, Inulin, Alpha-glucan oligosaccharide, Solanum Lycopersicum (Tomato) Fruit Extract, Superoxide Dismutase, Xanthophyll, Pinus Pinaster Bark Extract, Polygonum Aviculare Extract, Alteromonas Ferment Extract, Padina Pavonica Thallus Extract, Arginine, Glycine, Alanine, Serine, Valine, Proline, Threonine, Isoleucine, Histidine, Phenylalanine, Aspartic Acid, PCA, Sodium PCA, Sodium Lactate, Squalane, Simmondsia Chinensis (Jojoba) Seed Oil, Tocopherol, Melanin, Sucrose, Tapioca Starch, Hexyl Laurate, Polyglyceryl-4 Isostearate, Stearic Acid, Silica Cetyl Silylate, Hydroxyethylcellulose, Hectorite, Trimethylsiloxysilicate, Pentylene Glycol, Butylene Glycol, Trisodium Ethylenediamine Disuccinate, Sodium Chloride, Dipropylene Glycol, Tromethamine, Ethoxydiglycol, Alumina, Potassium Sorbate, Sodium Benzoate, 1,2-Hexanediol, Ethylhexylglycerin, Phenoxyethanol, Caprylyl Glycol.

Our formulations are updated from time to time as part of our commitment to innovation. As such, the ingredient list shown here may vary from the box of the product depending on time and region of purchase."
survival 20,"Cyclopentasiloxane, Aqua (Water), Zinc Oxide, Titanium Dioxide, Glycerin, PEG-10 Dimethicone, PEG-9 Polydimethylsiloxyethyl Dimethicone, Propanediol, Acrylates/Ethylhexyl Acrylate Crosspolymer, Dimethicone/PEG-10/15 Crosspolymer, Hexyl Laurate, Polyglyceryl-4 Isostearate, Dimethylmethoxy Chromanol, Inulin, Alpha-glucan oligosaccharide, Solanum Lycopersicum (Tomato) Fruit Extract, Superoxide Dismutase, Xanthophyll, Pinus Pinaster Bark Extract, Polygonum Aviculare Extract, Alteromonas Ferment Extract, Padina Pavonica Thallus Extract, Arginine, Glycine, Alanine, Serine, Valine, Proline, Threonine, Isoleucine, Histidine, Phenylalanine, Aspartic Acid, PCA, Sodium PCA, Sodium Lactate, Squalane, Simmondsia Chinensis (Jojoba) Seed Oil, Tocopherol, Melanin, Sucrose, Tapioca Starch, Stearic Acid, Trimethylsiloxysilicate, Pentylene Glycol, Butylene Glycol, Trisodium Ethylenediamine Disuccinate, Sodium Chloride, Dipropylene Glycol, Tromethamine, Ethoxydiglycol, Alumina, Potassium Sorbate, Sodium Benzoate, 1,2-Hexanediol, Ethylhexylglycerin, Phenoxyethanol, Caprylyl Glycol.

Our formulations are updated from time to time as part of our commitment to innovation. As such, the ingredient list shown here may vary from the box of the product depending on time and region of purchase."
survival 30,"Cyclopentasiloxane, Aqua (Water), Zinc Oxide, Titanium Dioxide, PEG-10 Dimethicone, Glycerin, PEG-9 Polydimethylsiloxyethyl Dimethicone, Dimethicone/PEG-10/15 Crosspolymer, Propanediol, Acrylates/Ethylhexyl Acrylate Crosspolymer, Hexyl Laurate, Polyglyceryl-4 Isostearate, Dimethylmethoxy Chromanol, Inulin, Alpha-glucan oligosaccharide, Solanum Lycopersicum (Tomato) Fruit Extract, Superoxide Dismutase, Xanthophyll, Pinus Pinaster Bark Extract, Polygonum Aviculare Extract, Alteromonas Ferment Extract, Padina Pavonica Thallus Extract, Arginine, Glycine, Alanine, Serine, Valine, Proline, Threonine, Isoleucine, Histidine, Phenylalanine, Aspartic Acid, PCA, Sodium PCA, Sodium Lactate, Squalane, Simmondsia Chinensis (Jojoba) Seed Oil, Tocopherol, Melanin, Sucrose, Tapioca Starch, Stearic Acid, Trimethylsiloxysilicate, Pentylene Glycol, Butylene Glycol, Trisodium Ethylenediamine Disuccinate, Sodium Chloride, Dipropylene Glycol, Tromethamine, Ethoxydiglycol, Alumina, Potassium Sorbate, Sodium Benzoate, 1,2-Hexanediol, Ethylhexylglycerin, Phenoxyethanol, Caprylyl Glycol.

Our formulations are updated from time to time as part of our commitment to innovation. As such, the ingredient list shown here may vary from the box of the product depending on time and region of purchase."
