Product,Ingredients
"booster, low-molecular ha","Aqua (Water), Hydrolyzed Yeast Extract, Pentylene Glycol, Tamarindus Indica Seed Gum, Sodium Hyaluronate Crosspolymer, Hydrolyzed Sodium Hyaluronate, Sodium Hyaluronate, Tremella Fuciformis Sporocarp Extract, Ahnfeltia Concinna Extract, Lecithin, Glycerin, Betaine, Polyacrylate Crosspolymer-6, Cetyl Hydroxyethylcellulose, Polyglucuronic Acid, Trisodium Ethylenediamine Disuccinate, PPG-26-Buteth-26, PEG-40 Hydrogenated Castor Oil, Potassium Sorbate, Sodium Benzoate, Caprylyl Glycol, Hexylene Glycol, Ethylhexylglycerin, Phenoxyethanol, Chlorphenesin.

Our formulations are updated from time to time as part of our commitment to innovation. As such, the ingredient list shown here may vary from the box of the product depending on time and region of purchase."
ha blur,"caprylyl methicone, aqua (water), peg-12 dimethicone/ppg-20 crosspolymer, hexamethyldisiloxane, polysilicone-11, cyclopentasiloxane, isodecyl neopentanoate, vinyl dimethicone/methicone silsesquioxane crosspolymer, cyclomethicone, peg-10 dimethicone, sodium hyaluronate, pseudoalteromonas exopolysaccharides, sodium salicylate, adipic acid/neopentyl glycol crosspolymer, methyl methacrylate/peg/ppg-4/3 methacrylate crosspolymer, tocopherol, acrylamide/sodium acryloyldimethyl taurate copolymer, silica dimethyl silylate, laureth-12, polyacrylate crosspolymer-6, isohexadecane, polysorbate-80, dimethicone, cyclohexasiloxane, cetearyl dimethicone crosspolymer, vp/va copolymer, cyclotetrasiloxane, amodimethicone, hydroxypropyl methylcellulose, citric acid, butylene glycol, hexylene glycol, caprylyl glycolÂ¸ ethylhexylglycerin, phenoxyethanol, chlorphenesin.

Our formulations are updated from time to time as part of our commitment to innovation. As such, the ingredient list shown here may vary from the box of the product depending on time and region of purchase."
hydra-density mist,"aqua (water), rosa damascena flower water, epigallocatechin gallatyl glucoside, tasmannia lanceolate fruit/ leaf extract, curculigo orchioides root extract, pseudoalteromonas exopolysaccharides, gallyl glucoside, arginine, propanediol, glycerin, sodium salicylate, citric acid, propyl gallate, trisodium ethylenediamine disuccinate, gellan gum, peg-40 hydrogenated castor oil, ppg-26-buteth-26, sodium chloride, potassium sorbate, sodium benzoate, benzyl alcohol, dehydroacetic acid, phenoxyethanol, chlorphenesin.

Our formulations are updated from time to time as part of our commitment to innovation. As such, the ingredient list shown here may vary from the box of the product depending on time and region of purchase."
hydration vaccine,"Caprylyl Methicone, Aqua (Water), PEG-12 Dimethicone/PPG-20 Crosspolymer, Glycerin, Propanediol, Sodium Polyacrylate, Leontopodium Alpinum Callus Culture Extract, Disodium Acetyl Glucosamine Phosphate, Proline, Alanine, Serine, Xylitol, Xylitylglucoside, Anhydroxylitol, Adansonia Digitata Fruit Extract, Polypodium Vulgare Rhizome Extract, Cetraria Islandica Thallus Extract, Sphagnum Magellanicum Extract, Pseudoalteromonas Ferment Extract, Tocopherol, Tocopheryl Acetate, Mangifera Indica Seed Butter, Orbignya Oleifera Seed Oil, Squalane, Lecithin, Hexamethyldisiloxane, Trimethylsiloxysilicate, Cyclopentasiloxane, Dimethicone, Polysilicone-11, Dimethicone/Vinyl Dimethicone Crosspolymer, Hydroxyethyl Acrylate/Sodium Acryloyldimethyl Taurate Copolymer, Xanthan Gum, Citric Acid, Sodium Phosphate, Sodium Hydroxide, Sodium Benzoate, Potassium Sorbate, Caprylyl Glycol, Ethylhexylglycerin, Phenoxyethanol, Chlorphenesin.

Our formulations are updated from time to time as part of our commitment to innovation. As such, the ingredient list shown here may vary from the box of the product depending on time and region of purchase."
lip bio-lipid concentrate,"Caprylic/Capric Triglyceride, C13-16 Isoparaffin, C12-15 Alkyl Benzoate, Pentaerythrityl tetraisostearate, Hydrogenated Polyisobutene, Cetearyl Ethylhexanoate, Oleic/Linoleic/Linolenic Polyglycerides, Pentaclethra macroloba seed oil, Silica Dimethyl Silylate, Methyl Nicotinate, Ethylhexyl Palmitate, Dimethyl Isosorbide, Pongamia pinnata, Palmitoyl Hexapeptide-12, Palmitoyl tripeptide-1, Palmitoyl Tripeptide-38, Sodium Hyaluronate, Glucomannan, Commiphora mukul resin extract, Sesamum Indicum (Sesame) Seed Extract, Portulaca Pilosa Extract, Anemarrhena Asphodeloides Root Extract, Hippophae Rhamnoides Oil, Hydroxymethoxyphenyl Propylmethylmethoxybenzofuran, Plukenetia Volubilis Seed Oil, Trihydroxystearin, Sorbitan Isostearate, Propylene Carbonate, Butylene/Ethylene/Styrene Copolymer, Ethylene/Propylene/Styrene Copolymer, Stearalkonium Hectorite, Sucrose Cocoate, Tocopherol, BHT, Aqua (Water).

Our formulations are updated from time to time as part of our commitment to innovation. As such, the ingredient list shown here may vary from the box of the product depending on time and region of purchase."
multi-molecular hyaluronic complex,"Aqua (Water), Hydrolyzed Yeast Extract, Glycerin, Hyaluronic Acid, Sodium Hyaluronate, Sodium Butyroyl Hyaluronate, Sodium Hyaluronate Crosspolymer, Hydrolyzed Sodium Hyaluronate, Disodium Acetyl Glucosamine Phosphate, Tetradecyl Aminobutyroylvalylaminobutyric Urea Trifluoroacetate, Pseudoalteromonas Exopolysaccharides, Tamarindus Indica Seed Gum, Tremella Fuciformis Sporocarp Extract, Ceratonia Siliqua Gum, Myristoyl Nonapeptide-3, Plantago Lanceolata Leaf Extract, Salvia Sclarea Extract, Arginine, Aspartic Acid, Glycine, Alanine, Serine, Valine, Isoleucine, Proline, Threonine, Histidine, Phenylalanine, PCA, Sodium PCA, Betaine, Sodium Lactate, Epigallocatechin Gallatyl Glucoside, Gallyl Glucoside, Algae Extract, Sodium Salicylate, Lecithin, Polyglucuronic Acid, Xanthan Gum, Trisodium Ethylenediamine Disuccinate, Sclerotium Gum, Pullulan, Cetyl Hydroxyethylcellulose, Propanediol, Pentylene Glycol, Dimethyl Isosorbide, Citric Acid, Magnesium Chloride, Silica, Polysorbate 20, Ethoxydiglycol, Propyl Gallate, Dehydroacetic Acid, Benzyl Alcohol, Potassium Sorbate, Sodium Benzoate, Ethylhexylglycerin, 1,2-Hexanediol, Caprylyl Glycol, Phenoxyethanol.

Our formulations are updated from time to time as part of our commitment to innovation. As such, the ingredient list shown here may vary from the box of the product depending on time and region of purchase."
set n.1,none
hyaluronic acid 2% + b5,"Aqua (Water), Sodium Hyaluronate, Pentylene Glycol, Propanediol, Sodium Hyaluronate Crosspolymer, Panthenol, Ahnfeltia Concinna Extract, Glycerin, Trisodium Ethylenediamine Disuccinate, Citric Acid, Isoceteth-20, Ethoxydiglycol, Ethylhexylglycerin, Hexylene Glycol, 1,2-Hexanediol, Phenoxyethanol, Caprylyl Glycol.

Our formulations are updated from time to time as part of our commitment to innovation. As such, the ingredient list shown here may vary from the box of the product depending on time and region of purchase."
natural moisturizing factors + ha,"Aqua (Water), Caprylic/Capric Triglyceride, Cetyl Alcohol, Propanediol, Stearyl Alcohol, Glycerin, Sodium Hyaluronate, Arginine, Aspartic Acid, Glycine, Alanine, Serine, Valine, Isoleucine, Proline, Threonine, Histidine, Phenylalanine, Glucose, Maltose, Fructose, Trehalose, Sodium PCA, PCA, Sodium Lactate, Urea, Allantoin, Linoleic Acid, Oleic Acid, Phytosteryl Canola Glycerides, Palmitic Acid, Stearic Acid, Lecithin, Triolein, Tocopherol, Carbomer, Isoceteth-20, Polysorbate 60, Sodium Chloride, Citric Acid, Trisodium Ethylenediamine Disuccinate, Pentylene Glycol, Triethanolamine, Sodium Hydroxide, Phenoxyethanol, Chlorphenesin.

Our formulations are updated from time to time as part of our commitment to innovation. As such, the ingredient list shown here may vary from the box of the product depending on time and region of purchase."
100% plant-derived squalane,"Squalane.

Our formulations are updated from time to time as part of our commitment to innovation. As such, the ingredient list shown here may vary from the box of the product depending on time and region of purchase."
the no-brainer set,none
marine hyaluronics,"Aqua (Water), Glycerin, Algae Extract, Pseudoalteromonas Exopolysaccharides, Pseudoalteromonas Ferment Extract, Ahnfeltia Concinna Extract, Arginine, Glycine, Alanine, Serine, Valine, Isoleucine, Proline, Threonine, Histidine, Phenylalanine, Aspartic Acid, PCA, Sodium PCA, Sodium Lactate, Salicylic Acid, Citric Acid, Propanediol, Dimethyl Isosorbide, Ethoxydiglycol, Polysorbate 20, Potassium Sorbate, Sodium Salicylate, Sodium Benzoate, Hexylene Glycol, 1,2-Hexanediol, Phenoxyethanol, Caprylyl Glycol.

Our formulations are updated from time to time as part of our commitment to innovation. As such, the ingredient list shown here may vary from the box of the product depending on time and region of purchase."
100% organic cold-pressed borage seed oil,"Borago Officinalis Seed Oil

Our formulations are updated from time to time as part of our commitment to innovation. As such, the ingredient list shown here may vary from the box of the product depending on time and region of purchase."
100% organic virgin sea-buckthorn fruit oil,"Hippophae Rhamnoides Fruit Oil

Our formulations are updated from time to time as part of our commitment to innovation. As such, the ingredient list shown here may vary from the box of the product depending on time and region of purchase."